City_ID,City,Lat,Lng,Max Temp,Humidity,Cloudiness,Wind Speed,Country,Date
0,nyurba,63.2842,118.3319,-12.16,92,11,1.79,RU,1697308723
1,keflavik,64.0049,-22.5624,4.95,81,100,3.6,IS,1697308726
2,lebu,-37.6167,-73.65,12.15,71,89,7.86,CL,1697308728
3,constantia,44.1833,28.65,15.39,81,1,5.24,RO,1697308731
4,pitkyaranta,61.5734,31.4792,8.62,81,5,8.8,RU,1697308733
5,edinburgh of the seven seas,-37.0676,-12.3116,14.39,98,100,7.69,SH,1697308735
6,ushuaia,-54.8,-68.3,7.81,57,0,9.26,AR,1697308737
7,medicine hat,50.0501,-110.6683,13.73,49,75,0.0,CA,1697308738
8,tambura,5.6,27.4667,24.37,77,84,0.53,SS,1697308739
9,fallon,39.4735,-118.7774,21.62,31,0,4.63,US,1697308740
10,yellowknife,62.456,-114.3525,9.67,80,20,9.26,CA,1697308644
11,adamstown,-25.066,-130.1015,20.99,70,88,0.82,PN,1697308741
12,blackmans bay,-43.0167,147.3167,7.07,80,97,0.45,AU,1697308742
13,uturoa,-16.7333,-151.4333,25.85,73,6,5.5,PF,1697308743
14,ribeira grande,38.5167,-28.7,22.22,78,20,3.09,PT,1697308744
15,great falls,47.5002,-111.3008,14.27,63,0,4.63,US,1697308745
16,jackson,42.4165,-122.8345,15.21,81,20,2.06,US,1697308639
17,jamestown,42.097,-79.2353,8.9,92,100,5.14,US,1697308746
18,sitka,57.0531,-135.33,11.94,82,100,5.66,US,1697308747
19,lamar,33.6668,-95.5836,18.88,53,0,6.17,US,1697308748
20,kone,-21.0595,164.8658,21.01,93,36,1.64,NC,1697308749
21,ciudad melchor muzquiz,27.8833,-101.5167,21.07,36,94,3.06,MX,1697308749
22,atafu village,-8.5421,-172.5159,28.77,73,99,9.72,TK,1697308750
23,waitangi,-43.9535,-176.5597,13.23,90,1,4.02,NZ,1697308751
24,nuku'alofa,-21.1333,-175.2,22.19,83,40,4.63,TO,1697308752
25,albany,42.6001,-73.9662,13.23,70,100,0.45,US,1697308752
26,yichang,30.7144,111.2847,17.57,76,0,1.92,CN,1697308753
27,port-aux-francais,-49.35,70.2167,1.22,67,45,9.0,TF,1697308754
28,nizhnevartovsk,60.9344,76.5531,4.01,93,0,4.02,RU,1697308754
29,singrauli,24.1997,82.6753,21.98,59,26,1.9,IN,1697308755
30,puerto armuelles,8.2833,-82.8667,29.99,74,99,2.24,PA,1697308756
31,berezovyy,51.6667,135.7,6.68,83,2,1.59,RU,1697308757
32,tawau,4.2498,117.8871,25.07,94,99,0.45,MY,1697308757
33,grytviken,-54.2811,-36.5092,-2.37,79,46,4.39,GS,1697308758
34,margaret river,-33.95,115.0667,12.45,80,8,5.59,AU,1697308668
35,udachny,66.4167,112.4,-9.75,85,5,1.64,RU,1697308759
36,bethel,41.3712,-73.414,11.2,86,100,1.54,US,1697308760
37,puerto natales,-51.7236,-72.4875,12.25,47,20,11.32,CL,1697308761
38,bredasdorp,-34.5322,20.0403,15.38,81,100,9.1,ZA,1697308761
39,ilulissat,69.2167,-51.1,-1.99,74,100,7.2,GL,1697308762
40,matteson,41.5039,-87.7131,11.82,91,100,4.63,US,1697308763
41,lazaro cardenas,17.9583,-102.2,30.16,71,85,2.88,MX,1697308763
42,selfoss,63.9331,-20.9971,3.8,90,100,0.96,IS,1697308764
43,port mathurin,-19.6833,63.4167,22.92,65,0,5.76,MU,1697308765
44,udalguri,26.7667,92.1333,21.18,89,1,1.27,IN,1697308766
45,durango,24.8333,-104.8333,24.32,46,3,3.62,MX,1697308575
46,zaragoza,41.6561,-0.8773,22.25,48,0,3.6,ES,1697308767
47,nar'yan-mar,67.6713,53.087,-2.16,93,47,1.79,RU,1697308768
48,abatskoye,56.2875,70.4555,5.03,89,81,4.32,RU,1697308770
49,tadine,-21.55,167.8833,21.71,92,97,4.62,NC,1697308770
50,talnakh,69.4865,88.3972,1.23,94,100,3.14,RU,1697308771
51,west island,-12.1568,96.8225,24.99,83,75,5.66,CC,1697308772
52,beledweyne,4.7358,45.2036,29.77,57,75,7.07,SO,1697308772
53,college,64.8569,-147.8028,3.78,85,100,0.0,US,1697308773
54,hermanus,-34.4187,19.2345,16.12,79,89,10.0,ZA,1697308774
55,ise,34.4833,136.7,17.45,94,100,1.97,JP,1697308774
56,vodice,43.7608,15.7828,20.39,91,0,2.65,HR,1697308775
57,eirunepe,-6.6603,-69.8736,33.68,44,100,0.34,BR,1697308776
58,kyshtovka,56.555,76.6271,6.3,69,100,5.81,RU,1697308777
59,inhambane,-23.865,35.3833,23.99,73,75,5.14,MZ,1697308777
60,byron bay,-28.65,153.6167,15.39,85,0,2.3,AU,1697308778
61,iqaluit,63.7506,-68.5145,0.85,74,75,6.71,CA,1697308779
62,tofol,5.3248,163.0078,28.29,75,100,4.07,FM,1697308780
63,reggane,26.7158,0.1714,29.02,16,0,2.55,DZ,1697308781
64,bubaque,11.2833,-15.8333,28.18,75,94,1.63,GW,1697308781
65,thompson,55.7435,-97.8558,13.09,62,20,2.57,CA,1697308629
66,longyearbyen,78.2186,15.6401,0.91,64,75,9.26,SJ,1697308783
67,santo estevao,-12.4303,-39.2514,29.99,46,9,6.22,BR,1697308783
68,coquimbo,-29.9533,-71.3436,16.85,67,0,5.14,CL,1697308784
69,maloye ganyushkino,46.6,49.2667,14.09,85,22,4.04,KZ,1697308785
70,challapata,-18.9,-66.7667,16.17,36,76,5.27,BO,1697308785
71,kiunga,-6.1219,141.2906,23.18,100,100,0.49,PG,1697308786
72,labrador city,52.9463,-66.9114,4.95,93,100,7.72,CA,1697308787
73,korolevo,48.1525,23.1366,15.86,57,1,2.04,UA,1697308787
74,port augusta,-32.5,137.7667,13.11,82,43,3.42,AU,1697308788
75,san antonio de pale,-1.4014,5.6325,25.85,84,100,6.8,GQ,1697308789
76,turpan,42.9333,89.1667,20.87,30,100,2.45,CN,1697308758
77,mar del plata,-38.0023,-57.5575,17.01,76,0,5.66,AR,1697308710
78,wailua homesteads,22.0669,-159.378,25.24,88,100,0.0,US,1697308791
79,whitehorse,60.7161,-135.0538,6.68,77,75,7.72,CA,1697308497
80,murzuq,25.9155,13.9184,24.61,23,0,2.95,LY,1697308792
81,mount pearl,47.5166,-52.7813,12.4,98,100,4.63,CA,1697308793
82,ust-nera,64.5667,143.2,-15.99,95,100,0.89,RU,1697308793
83,kapuskasing,49.4169,-82.4331,8.05,87,75,6.17,CA,1697308794
84,queenstown,-31.8976,26.8753,9.27,82,21,3.32,ZA,1697308795
85,avarua,-21.2078,-159.775,23.03,78,100,2.06,CK,1697308795
86,port alfred,-33.5906,26.891,16.21,87,57,3.4,ZA,1697308796
87,lihue,21.9789,-159.3672,25.58,88,100,0.0,US,1697308797
88,bentota,6.4254,79.9948,25.26,88,100,2.48,LK,1697308797
89,nogliki,51.8333,143.1667,7.97,77,40,5.36,RU,1697308798
90,sisa,-6.6167,-76.6915,29.29,99,100,0.7,PE,1697308799
91,saipan,15.1355,145.701,26.39,89,100,3.6,MP,1697308799
92,anahuac,27.2333,-100.15,22.37,38,100,3.61,MX,1697308800
93,port elizabeth,-33.918,25.5701,14.62,88,20,1.03,ZA,1697308801
94,katsuren-haebaru,26.3369,127.8719,26.01,73,75,2.57,JP,1697308802
95,dakhla,23.6848,-15.958,29.01,42,18,2.57,EH,1697308802
96,invercargill,-46.4,168.35,7.23,76,90,1.79,NZ,1697308803
97,enoch,37.7733,-113.0244,18.04,31,0,1.79,US,1697308519
98,vanino,49.0869,140.2543,7.18,80,34,1.03,RU,1697308804
99,saldanha,-33.0117,17.9442,23.03,64,33,8.35,ZA,1697308805
100,port lincoln,-34.7333,135.8667,13.69,71,100,5.04,AU,1697308806
101,aasiaat,68.7098,-52.8699,-2.83,64,100,6.79,GL,1697308806
102,badger,64.8,-147.5333,3.73,88,0,0.0,US,1697308807
103,lompoc,34.6391,-120.4579,25.01,71,0,1.79,US,1697308808
104,summerside,46.3959,-63.7876,12.6,76,77,6.69,CA,1697308809
105,fale old settlement,-9.3852,-171.2468,28.64,78,16,9.03,TK,1697308809
106,puerto ayora,-0.7393,-90.3518,29.98,90,50,2.68,EC,1697308810
107,markovo,57.3206,107.0881,1.86,98,100,2.33,RU,1697308811
108,warrenton,-28.114,24.8475,20.44,22,0,4.28,ZA,1697308811
109,namibe,-15.1961,12.1522,18.43,80,100,3.48,AO,1697308812
110,olonkinbyen,70.9221,-8.7187,-1.98,88,100,9.68,SJ,1697308813
111,vargarda,58.0371,12.8091,9.96,81,51,7.85,SE,1697308813
112,vorgashor,67.5833,63.95,-1.09,83,100,5.17,RU,1697308814
113,woodlake,37.4211,-77.6793,16.44,86,100,0.0,US,1697308815
114,pimentel,-6.8367,-79.9342,25.16,61,0,6.69,PE,1697308815
115,stanley,54.868,-1.6985,5.59,77,0,3.6,GB,1697308811
116,luanda,-8.8368,13.2343,24.0,88,75,4.12,AO,1697308689
117,bilibino,68.0546,166.4372,-10.58,96,100,1.03,RU,1697308817
118,manturovo,58.3353,44.7619,8.77,94,100,5.67,RU,1697308818
119,vatra dornei,47.35,25.3667,11.23,73,9,1.83,RO,1697308819
120,tazovsky,67.4667,78.7,1.77,98,100,5.03,RU,1697308819
121,nova vicosa,-17.8919,-39.3719,27.2,69,61,5.31,BR,1697308820
122,ban houayxay,20.2453,100.4547,20.78,100,50,0.54,LA,1697308821
123,hawaiian paradise park,19.5933,-154.9731,28.26,82,40,1.54,US,1697308821
124,cill airne,52.05,-9.5167,6.49,80,71,1.7,IE,1697308822
125,portland,45.5234,-122.6762,16.17,92,75,3.09,US,1697308134
126,isafjordur,66.0755,-23.124,0.85,88,100,3.49,IS,1697308823
127,parauapebas,-6.0675,-49.9022,32.99,66,40,0.51,BR,1697308824
128,north bath,43.9348,-69.8159,16.88,62,75,2.06,US,1697308825
129,daru,-9.0763,143.2092,24.9,89,95,5.96,PG,1697308826
130,haiku-pauwela,20.9219,-156.3051,27.32,73,20,0.0,US,1697308826
131,tura,25.5198,90.2201,20.34,84,0,1.38,IN,1697308827
132,silver city,32.7701,-108.2803,22.6,34,0,1.54,US,1697308828
133,rongelap,11.1635,166.8941,28.29,74,84,2.93,MH,1697308828
134,chenaran,36.6455,59.1212,12.52,38,73,1.29,IR,1697308829
135,callao,-12.0667,-77.15,21.16,68,75,3.09,PE,1697308830
136,sunan,39.1983,125.69,10.96,88,4,0.34,KP,1697308830
137,hamilton,39.1834,-84.5333,15.14,90,100,7.72,US,1697308830
138,cam ranh,11.9214,109.1591,25.98,94,40,1.54,VN,1697308831
139,port saint john's,-31.6229,29.5448,17.33,74,100,6.55,ZA,1697308832
140,tiksi,71.6872,128.8694,-10.62,94,100,4.16,RU,1697308833
141,anadyr,64.75,177.4833,0.28,80,100,2.0,RU,1697308834
142,posto fiscal rolim de moura,-13.0833,-62.2667,38.55,27,100,1.41,BR,1697308834
143,qaqortoq,60.7167,-46.0333,5.86,56,25,2.57,GL,1697308835
144,bialobrzegi,51.6469,20.9504,14.23,69,100,4.07,PL,1697308836
145,anaconda,46.1285,-112.9423,4.55,42,89,2.73,US,1697308836
146,ciudad lazaro cardenas,17.9583,-102.2,30.16,71,85,2.88,MX,1697308837
147,weno,7.4515,151.8468,26.97,89,100,3.09,FM,1697308838
148,phu khuong,11.2833,106.1333,25.94,87,100,1.44,VN,1697308838
149,vilyuchinsk,52.9306,158.4028,5.15,94,100,2.47,RU,1697308839
150,dihok,36.8695,42.994,22.4,27,0,1.39,IQ,1697308840
151,opuwo,-18.0607,13.84,25.17,23,100,3.68,NA,1697308840
152,virar,19.4667,72.8,30.05,71,7,1.53,IN,1697308841
153,mingelchaur,40.764,47.0595,12.92,82,0,2.06,AZ,1697308842
154,usogorsk,63.4106,48.6872,2.59,96,68,3.81,RU,1697308843
155,la passe,45.5549,-0.8967,15.55,59,24,4.5,FR,1697308845
156,lezhe,41.7836,19.6436,20.0,88,7,1.39,AL,1697308846
157,papatowai,-46.5619,169.4708,6.19,80,100,3.98,NZ,1697308847
158,kamba,11.8486,3.6576,31.31,28,87,2.42,NG,1697308848
159,kununurra,-15.7667,128.7333,18.99,72,4,0.51,AU,1697308577
160,la ronge,55.1001,-105.2842,9.14,66,75,4.63,CA,1697308849
161,tolanaro,-25.0319,46.9987,24.04,83,40,2.06,MG,1697308850
162,hauterive,46.0901,3.4459,14.42,58,99,1.96,FR,1697308851
163,curumani,9.1999,-73.5427,32.72,60,95,1.23,CO,1697308852
164,arraial do cabo,-22.9661,-42.0278,21.92,78,75,5.14,BR,1697308728
165,petropavlovsk-kamchatsky,53.0452,158.6483,4.33,73,100,6.71,RU,1697308853
166,darnah,32.767,22.6367,22.68,70,3,5.77,LY,1697308854
167,miyako,39.6367,141.9525,13.78,71,86,2.22,JP,1697308854
168,carnarvon,-24.8667,113.6333,24.34,50,0,6.84,AU,1697308855
169,polyarnyy,69.1989,33.4478,1.61,81,100,9.45,RU,1697308855
170,castlemaine,-37.0667,144.2167,6.27,89,100,1.36,AU,1697308856
171,fort st. john,56.2499,-120.8529,3.94,100,100,4.63,CA,1697308693
172,taoudenni,22.6783,-3.9836,31.52,13,0,2.88,ML,1697308857
173,saudarkrokur,65.7461,-19.6394,0.03,92,100,3.62,IS,1697308858
174,lagunas,-5.2269,-75.6753,26.81,91,100,2.26,PE,1697308859
175,ugoofaaru,5.6667,73.0,26.13,83,100,7.59,MV,1697308859
176,tangalle,6.024,80.7911,26.09,89,100,2.89,LK,1697308861
177,hithadhoo,-0.6,73.0833,27.55,74,49,3.24,MV,1697308861
178,naze,28.3667,129.4833,21.51,81,60,4.68,JP,1697308862
179,kruisfontein,-34.0033,24.7314,12.36,84,44,2.33,ZA,1697308863
180,javanrud,34.7961,46.5172,15.01,32,0,0.98,IR,1697308863
181,simojovel de allende,17.2,-92.6333,27.15,69,67,2.38,MX,1697308864
182,kodiak,57.79,-152.4072,0.73,93,0,2.06,US,1697308865
183,bardai,11.65,7.2333,27.1,31,92,1.84,NG,1697308866
184,buta,2.7858,24.73,22.19,98,100,0.98,CD,1697308867
185,bel ombre,-4.6167,55.4167,26.91,89,75,4.63,SC,1697308868
186,antsiranana,-12.2787,49.2917,24.47,89,34,4.13,MG,1697308601
187,oroqen zizhiqi,50.5667,123.7167,3.31,42,13,7.79,CN,1697308869
188,tromso,69.6496,18.957,2.01,69,75,6.17,NO,1697308870
189,santa vitoria,-18.8386,-50.1214,34.69,36,100,0.97,BR,1697308870
190,neelankarai,12.9455,80.2575,28.91,89,75,1.03,IN,1697308871
191,misratah,32.3754,15.0925,23.77,62,0,3.14,LY,1697308872
192,las vegas,36.175,-115.1372,23.23,22,0,1.54,US,1697308147
193,cambria,35.5641,-121.0808,22.21,49,2,2.33,US,1697308873
194,edson,53.5835,-116.4356,6.08,87,100,0.51,CA,1697308874
195,kailua-kona,19.6406,-155.9956,29.77,72,40,2.06,US,1697308874
196,malvan,16.0667,73.4667,27.01,82,29,1.22,IN,1697308875
197,alesund,62.4723,6.1549,10.42,69,75,8.75,NO,1697308876
198,manicore,-5.8092,-61.3003,32.97,62,0,1.54,BR,1697308876
199,ancud,-41.8697,-73.8203,9.79,70,100,4.13,CL,1697308877
200,ain el bya,35.8039,-0.3018,24.16,57,99,4.68,DZ,1697308878
201,tidaholm,58.1804,13.9582,9.03,76,59,8.71,SE,1697308879
202,kudahuvadhoo,2.6708,72.8944,27.49,67,23,1.26,MV,1697308879
203,cosne-cours-sur-loire,47.3333,3.1667,7.34,58,16,2.02,FR,1697308880
204,novo aripuana,-5.1206,-60.3797,37.16,34,57,0.37,BR,1697308881
205,juan aldama,24.2908,-103.3944,25.11,38,2,5.54,MX,1697308881
206,odda,60.0691,6.5457,9.32,98,100,6.53,NO,1697308882
207,undurkhaan,47.3194,110.6556,0.75,55,0,1.45,MN,1697308883
208,belmonte,-15.8631,-38.8828,26.89,70,36,4.29,BR,1697308883
209,makurazaki,31.2667,130.3167,20.49,67,10,8.08,JP,1697308759
210,burnie,-41.0667,145.9167,5.81,78,88,4.17,AU,1697308885
211,kamaishi,39.2667,141.8833,15.72,67,99,1.65,JP,1697308885
212,haining,30.5363,120.6864,16.01,82,0,3.14,CN,1697308886
213,nemuro,43.3236,145.575,13.9,69,100,2.21,JP,1697308887
214,ivdel',60.6911,60.4206,6.13,83,41,3.13,RU,1697308887
215,san gabriel,34.0961,-118.1058,28.53,50,0,0.45,US,1697308665
216,thinadhoo,0.5333,72.9333,27.49,72,17,2.49,MV,1697308889
217,jiagedaqi,50.4167,124.1167,3.5,43,14,7.3,CN,1697308889
218,iskateley,67.6803,53.1512,-2.21,93,37,1.79,RU,1697308890
219,pisco,-13.7,-76.2167,23.03,68,0,5.66,PE,1697308891
220,harper,4.375,-7.7169,25.84,87,100,3.0,LR,1697308891
221,delfzijl,53.33,6.9181,10.01,76,52,3.58,NL,1697308892
222,acopiara,-6.0953,-39.4525,36.74,21,15,2.88,BR,1697308747
223,wotho,10.1657,166.0102,28.18,75,100,3.56,MH,1697308893
224,belomorsk,64.5232,34.7668,5.69,99,100,1.91,RU,1697308894
225,jieshi,22.8134,115.8257,24.06,78,90,3.06,CN,1697308894
226,pocatello,42.8713,-112.4455,14.54,57,75,2.24,US,1697308895
227,margate,51.3813,1.3862,11.5,66,6,0.89,GB,1697308896
228,san patricio,28.017,-97.5169,25.92,27,0,6.26,US,1697308896
229,sisimiut,66.9395,-53.6735,-1.64,76,21,6.47,GL,1697308897
230,kavaratti,10.5669,72.642,27.05,80,73,7.95,IN,1697308898
231,arkhangel'sk,64.5401,40.5433,3.96,90,100,7.48,RU,1697308898
232,yuzhno-kurilsk,44.0306,145.8556,14.1,69,98,2.36,RU,1697308899
233,westport,41.1415,-73.3579,11.61,87,100,2.06,US,1697308900
234,dudinka,69.4058,86.1778,1.49,93,100,6.71,RU,1697308901
235,bandarbeyla,9.4942,50.8122,26.93,85,5,2.61,SO,1697308902
236,new norfolk,-42.7826,147.0587,7.72,73,98,2.7,AU,1697308902
237,ritchie,-29.038,24.6028,17.56,24,0,5.3,ZA,1697308903
238,salaqi,40.5414,110.5108,11.69,28,0,2.64,CN,1697308904
239,castillos,-34.1667,-53.8333,16.63,47,0,4.86,UY,1697308905
240,utrik,11.2278,169.8474,27.83,79,98,5.56,MH,1697308905
241,boa esperanca,-21.09,-45.5658,27.19,58,100,4.9,BR,1697308906
242,greymouth,-42.4667,171.2,11.2,94,100,8.94,NZ,1697308907
243,qutur,30.9723,30.9561,21.73,61,22,1.78,EG,1697308907
244,nova sintra,14.8667,-24.7167,25.55,77,91,4.71,CV,1697308908
245,erdenet,49.0333,104.0833,0.58,75,1,1.82,MN,1697308909
246,byron,44.0327,-92.6455,11.97,74,100,7.72,US,1697308909
247,sao joao da barra,-21.6403,-41.0511,23.05,86,100,5.92,BR,1697308910
248,siwa oasis,29.2041,25.5195,24.59,36,0,2.97,EG,1697308911
249,porto novo,6.4965,2.6036,25.9,84,100,2.04,BJ,1697308911
250,poronaysk,49.2167,143.1167,7.38,93,99,2.92,RU,1697308912
251,piat,17.7905,121.478,23.55,94,35,0.51,PH,1697308913
252,afaahiti,-17.75,-149.2833,25.93,78,63,5.17,PF,1697308913
253,bhadarwah,32.9833,75.7167,12.72,73,99,1.19,IN,1697308914
254,isangel,-19.55,169.2667,25.06,78,75,5.66,VU,1697308915
255,masterton,-40.9597,175.6575,12.16,73,24,6.46,NZ,1697308915
256,artigas,-30.4,-56.4667,21.87,53,0,6.31,UY,1697308916
257,shakhovskaya,56.0283,35.5097,14.19,83,100,9.16,RU,1697308917
258,jayapura,-2.5333,140.7,23.66,92,91,0.87,ID,1697308917
259,salta,-24.7859,-65.4117,26.99,26,0,2.57,AR,1697308873
260,nguigmi,14.2495,13.1092,33.23,23,0,4.55,NE,1697308919
261,fada,9.5667,8.3,22.88,82,36,0.25,NG,1697308919
262,boma,7.0805,-2.1697,24.52,90,66,1.47,GH,1697308920
263,odienne,9.51,-7.5692,26.72,73,23,1.29,CI,1697308920
264,tralee,52.2704,-9.7026,8.65,68,91,4.18,IE,1697308921
265,qarazhal,48.0078,70.7903,7.8,42,100,5.67,KZ,1697308922
266,sabang,5.8933,95.3214,27.53,78,100,5.46,ID,1697308834
267,jianshui,23.6363,102.8264,15.26,90,96,1.45,CN,1697308923
268,cusset,46.13,3.4596,14.19,60,99,1.83,FR,1697308924
269,wanning,18.8003,110.3967,23.93,90,100,4.45,CN,1697308925
270,san ignacio,17.1561,-89.0714,31.08,74,40,2.06,BZ,1697308925
271,guerrero negro,27.9769,-114.0611,23.87,60,90,4.4,MX,1697308926
272,el galpon,-25.3807,-64.6526,32.02,17,15,4.03,AR,1697308927
273,susuman,62.7833,148.1667,-12.79,95,100,0.45,RU,1697308927
274,punta arenas,-53.15,-70.9167,12.06,47,75,14.92,CL,1697308927
275,bac lieu,9.285,105.7244,25.86,90,100,3.25,VN,1697308929
276,aykhal,66.0,111.5,-11.07,92,28,0.89,RU,1697308930
277,kalevala,65.2,31.1667,1.72,96,100,8.05,RU,1697308930
278,vuktyl,63.8567,57.3094,2.84,97,100,4.47,RU,1697308931
279,mount gambier,-37.8333,140.7667,9.4,94,100,1.91,AU,1697308932
280,aripuana,-9.1667,-60.6333,37.15,31,100,1.22,BR,1697308933
281,rotorua,-38.1387,176.2452,13.06,90,100,2.4,NZ,1697308933
282,inari,68.906,27.0288,-0.89,90,100,6.77,FI,1697308934
283,alice springs,-23.7,133.8833,9.75,27,0,0.0,AU,1697308935
284,volksrust,-27.3654,29.8818,12.81,70,0,2.24,ZA,1697308935
285,tamanrasset,22.785,5.5228,22.95,33,40,7.2,DZ,1697308936
286,richards bay,-28.783,32.0377,19.04,69,42,7.99,ZA,1697308937
287,oras,12.1406,125.4397,25.18,91,18,1.28,PH,1697308937
288,berezovo,63.9381,65.0419,-0.02,94,100,1.79,RU,1697308938
289,molde,62.7375,7.1591,7.91,76,100,8.75,NO,1697308939
290,mandalgovi,45.7625,106.2708,3.0,46,6,2.67,MN,1697308939
291,varzea alegre,-5.35,-40.3833,36.91,21,18,3.41,BR,1697308784
292,egilsstadir,65.2653,-14.3948,-5.05,74,0,1.54,IS,1697308940
293,walvis bay,-22.9575,14.5053,15.53,82,0,3.6,NA,1697308941
294,le grazie di ancona,43.6008,13.5153,22.94,49,3,2.06,IT,1697308942
295,geraldton,-28.7667,114.6,26.23,13,39,7.2,AU,1697308942
296,panaba,21.2833,-88.2667,37.65,37,100,1.54,MX,1697308943
297,thal,35.4791,72.2439,11.07,74,100,1.09,PK,1697308944
298,dubovskoye,47.4092,42.7575,12.53,73,0,2.51,RU,1697308944
299,vila velha,-20.3297,-40.2925,23.97,91,75,5.81,BR,1697308945
300,escarcega,18.6089,-90.7454,38.28,37,34,0.69,MX,1697308946
301,ta`u,-14.2336,-169.5144,26.75,79,38,8.45,AS,1697308946
302,colonia,50.9333,6.95,11.65,82,20,4.63,DE,1697308947
303,northam,51.0333,-4.2167,11.45,69,24,6.28,GB,1697308948
304,gardner,42.5751,-71.9981,14.24,64,100,3.09,US,1697308949
305,palikir - national government center,6.9248,158.1611,24.41,88,100,1.54,FM,1697308950
306,krasnogorskiy,54.6025,61.231,5.95,72,79,4.54,RU,1697308950
307,newman,37.3138,-121.0208,22.86,31,100,1.79,US,1697308951
308,sivrihisar,39.4504,31.5341,14.89,31,0,1.38,TR,1697308952
309,port-vila,-17.7338,168.3219,24.78,83,75,2.57,VU,1697308739
310,flin flon,54.7682,-101.865,9.91,76,20,1.03,CA,1697308954
311,machico,32.7,-16.7667,28.4,65,0,1.03,PT,1697308955
312,beykonak,36.3257,30.303,21.88,70,0,1.82,TR,1697308956
313,cockburn town,21.4612,-71.1419,30.98,66,40,2.06,TC,1697308956
314,axim,4.8699,-2.2405,25.59,90,67,3.37,GH,1697308957
315,chonchi,-42.6128,-73.8092,12.56,59,86,2.22,CL,1697308958
316,lianjiang,21.6467,110.2817,21.25,84,25,2.87,CN,1697308958
317,mukalla,14.5425,49.1242,27.67,66,5,0.64,YE,1697308959
318,gokceada,40.2011,25.909,16.6,66,0,4.52,TR,1697308960
319,mapleton,40.1302,-111.5785,17.08,49,40,0.0,US,1697308961
320,xilin hot,43.9667,116.0333,3.18,44,6,2.84,CN,1697308962
321,peniche,39.3558,-9.3811,20.06,88,100,4.05,PT,1697308740
322,gedo,9.0167,37.45,11.46,81,0,1.85,ET,1697308963
323,georgetown,5.4112,100.3354,26.68,87,40,1.03,MY,1697308723
324,emerald,-23.5333,148.1667,15.19,61,0,3.05,AU,1697308964
325,watertown,42.3709,-71.1828,16.23,62,0,3.09,US,1697308965
326,pajapan,18.25,-94.7,27.09,79,92,2.86,MX,1697308966
327,whangarei,-35.7317,174.3239,15.29,87,91,2.53,NZ,1697308966
328,brisas de zicatela,15.8369,-97.0419,30.29,51,75,1.54,MX,1697308967
329,horsham,51.064,-0.3272,10.7,72,0,1.03,GB,1697308968
330,federacion,-31.0062,-57.8996,23.66,38,0,4.99,AR,1697308968
331,madugula,17.9167,82.8,25.58,84,6,1.73,IN,1697308969
332,asan-maina village,13.4722,144.7165,25.07,90,75,3.58,GU,1697308970
333,immokalee,26.4187,-81.4173,30.55,77,20,4.63,US,1697308970
334,formosa,-26.1775,-58.1781,29.42,37,0,3.6,AR,1697308681
335,byaroza,52.5314,24.9786,15.84,82,100,3.79,BY,1697308972
336,bafq,31.6128,55.4107,24.41,27,81,4.17,IR,1697308972
337,caleta de carquin,-11.0925,-77.6267,21.41,75,100,4.79,PE,1697308973
338,coatepec harinas,18.8949,-99.7215,17.52,63,31,2.17,MX,1697308974
339,zhangjiakou,40.81,114.8794,11.12,36,3,2.52,CN,1697308974
340,temiskaming shores,47.4938,-79.7153,8.89,71,100,4.52,CA,1697308938
341,la asuncion,11.0333,-63.8628,37.85,44,5,5.14,VE,1697308976
342,wynyard,-41.0,145.7167,7.63,80,98,3.54,AU,1697308677
343,vadso,70.0744,29.7487,3.09,75,75,10.8,NO,1697308978
344,cabo san lucas,22.8909,-109.9124,32.01,69,20,2.06,MX,1697308911
345,ust'-ilimsk,58.0006,102.6619,4.69,74,100,4.02,RU,1697308979
346,tsiombe,-25.3,45.4833,23.89,77,98,2.2,MG,1697308980
347,kachkanar,58.7,59.4948,2.48,78,82,3.99,RU,1697308980
348,ouesso,1.6136,16.0517,22.33,97,100,1.29,CG,1697308981
349,longonjo,-12.9067,15.2533,18.5,85,98,1.31,AO,1697308982
350,dubbo,-32.25,148.6167,9.07,81,0,3.6,AU,1697308982
351,happy valley-goose bay,53.3168,-60.3315,8.17,93,100,11.32,CA,1697308983
352,shalqar,47.8333,59.6,11.22,52,100,4.44,KZ,1697308984
353,leshan,29.5623,103.7639,18.69,83,63,0.21,CN,1697308985
354,placido de castro,-10.3353,-67.1856,36.34,35,100,1.39,BR,1697308986
355,bichura,50.5881,107.6022,4.15,54,7,1.34,RU,1697308986
356,shilovo,54.3204,40.874,11.31,64,82,7.15,RU,1697308988
357,sandnessjoen,66.0217,12.6316,4.29,63,100,10.32,NO,1697308988
358,saint-philippe,-21.3585,55.7679,23.77,82,42,5.26,RE,1697308989
359,bereket,39.2446,55.5154,15.88,27,24,2.86,TM,1697308990
360,mora,11.0461,14.1401,31.1,24,78,1.27,CM,1697308990
361,parnu,58.3859,24.4971,11.05,76,75,11.32,EE,1697308991
362,antalaha,-14.9003,50.2788,24.29,93,92,2.29,MG,1697308992
363,taltal,-25.4,-70.4833,19.45,62,25,3.45,CL,1697308820
364,gaiman,-43.2897,-65.4929,24.11,22,11,5.39,AR,1697308993
365,bay roberts,47.5999,-53.2648,13.06,97,100,1.34,CA,1697308864
366,choibalsan,48.0667,114.5,1.74,54,7,4.94,MN,1697308994
367,st. john's,47.5649,-52.7093,12.86,98,100,4.63,CA,1697308994
368,pedro ii,-4.4247,-41.4586,36.37,18,97,2.89,BR,1697308996
369,sucre,-19.0333,-65.2627,24.99,28,84,7.27,BO,1697308996
370,novodvinsk,64.4165,40.8122,3.77,90,100,7.21,RU,1697308997
371,bodo,67.28,14.405,6.02,64,0,6.69,NO,1697308998
372,al marj,32.488,20.8317,19.38,74,0,2.61,LY,1697308998
373,enriquillo,17.9,-71.2333,32.82,70,97,3.22,DO,1697308999
374,solnechnyy,50.7214,136.6319,8.35,88,2,2.67,RU,1697309000
375,enewetak,11.3474,162.3373,28.13,75,67,3.72,MH,1697309001
376,burutu,5.3509,5.5076,26.05,90,100,1.95,NG,1697309002
377,mejit,10.2753,170.8646,27.74,74,62,3.98,MH,1697309002
378,hasaki,35.7333,140.8333,17.38,87,100,6.7,JP,1697308758
379,avra valley,32.4379,-111.3154,31.92,29,0,0.82,US,1697309003
380,agat village,13.3886,144.6585,25.2,90,75,2.57,GU,1697309004
381,hilo,19.7297,-155.09,28.38,77,40,2.24,US,1697309005
382,altai,46.3722,96.2583,6.55,35,100,1.81,MN,1697309006
383,mahina,-17.5065,-149.489,26.87,74,20,1.54,PF,1697309006
384,broken hill,-31.95,141.4333,12.69,63,0,4.14,AU,1697308758
385,toamasina,-18.1667,49.3833,26.0,83,75,5.66,MG,1697309008
386,mbandaka,0.0487,18.2603,22.65,95,100,1.72,CD,1697309008
387,beyneu,45.3167,55.2,12.25,48,27,4.14,KZ,1697309009
388,vico del gargano,41.8983,15.9576,21.7,61,6,2.74,IT,1697309010
389,tonder,54.9331,8.8667,9.97,78,90,1.34,DK,1697309010
390,huadian,42.9633,126.7478,9.12,86,5,2.29,CN,1697309011
391,ubari,26.5921,12.7805,24.36,23,0,3.7,LY,1697309012
392,windsor,42.3001,-83.0165,10.64,94,100,9.77,CA,1697308713
393,turkmenbasy,40.0222,52.9552,9.43,66,0,0.0,TM,1697309013
394,tarawa,1.419,172.984,27.05,89,40,1.03,KI,1697309014
395,kulhudhuffushi,6.6221,73.07,24.58,91,100,8.71,MV,1697309014
396,pollock pines,38.7613,-120.5866,20.2,38,20,3.09,US,1697309015
397,brookings,44.3114,-96.7984,10.66,73,100,6.69,US,1697308724
398,nikolayevsk-on-amure,53.1406,140.73,3.73,93,100,2.05,RU,1697309016
399,cooper's town,26.8667,-77.5167,27.73,85,24,6.63,BS,1697309017
400,georgievka,49.3314,81.5761,8.32,63,100,5.35,KZ,1697309018
401,sullivan,36.5168,-82.5332,21.91,72,75,5.14,US,1697309018
402,bintulu,3.1667,113.0333,26.23,94,20,2.68,MY,1697309019
403,piacabucu,-10.4056,-36.4344,26.97,69,75,5.75,BR,1697309020
404,hami,42.8,93.45,17.58,22,9,1.01,CN,1697309020
405,sogndal,61.2283,7.1003,7.21,87,100,8.23,NO,1697309022
406,viedma,-40.8135,-62.9967,23.31,23,99,9.09,AR,1697309022
407,garachico,28.7781,-17.7646,25.06,78,0,3.09,ES,1697309023
408,al jawf,29.5,38.75,25.71,19,0,4.1,SA,1697309024
409,wschowa,51.807,16.3166,12.7,70,100,4.62,PL,1697309025
410,barranca,-10.75,-77.7667,20.99,74,100,4.81,PE,1697309026
411,pueblo,38.2545,-104.6091,11.9,47,0,4.12,US,1697309026
412,mil'kovo,55.6078,37.7956,14.22,82,80,8.24,RU,1697309027
413,fuglafjordur,62.244,-6.814,2.26,68,100,12.7,FO,1697309028
414,aracati,-4.5617,-37.7697,28.95,66,94,7.32,BR,1697309029
415,galle,6.0367,80.217,25.57,85,100,1.28,LK,1697309030
416,ploudalmezeau,48.5333,-4.65,11.14,76,0,1.54,FR,1697309031
417,puerto leguizamo,-0.1934,-74.7819,30.58,64,62,1.7,CO,1697309031
418,asekeyevo,53.5742,52.7972,9.12,74,100,3.58,RU,1697309032
419,itoman,26.1247,127.6694,26.01,65,40,4.63,JP,1697309033
420,barakani,-12.1356,44.4317,25.97,87,19,4.67,KM,1697309033
421,carutapera,-1.195,-46.02,30.15,61,20,5.11,BR,1697309034
422,rura,26.4833,79.9,26.04,44,0,2.15,IN,1697309035
423,nagqu,31.5,92.0,-2.53,54,9,1.17,CN,1697309035
424,vilhena,-12.7406,-60.1458,31.12,58,40,3.6,BR,1697309036
425,blackwater,-23.5833,148.8833,15.39,100,0,3.13,AU,1697309037
426,nuuk,64.1835,-51.7216,3.34,100,100,11.32,GL,1697309037
427,east london,-33.0153,27.9116,15.52,82,20,2.06,ZA,1697309038
428,broome,42.2506,-75.833,10.16,95,100,2.57,US,1697309039
429,sudislavl',57.8817,41.7083,7.83,93,100,6.06,RU,1697309039
430,g'uzor,38.6214,66.2522,6.02,36,0,1.86,UZ,1697309040
431,laojunmiao,39.8333,97.7333,8.1,22,0,3.55,CN,1697309041
432,orapa,-21.2833,25.3667,29.0,12,97,3.93,BW,1697309041
433,cadale,2.7603,46.3222,26.8,86,8,5.93,SO,1697309042
434,al qadarif,14.0349,35.3834,30.52,34,6,2.66,SD,1697309043
435,el granada,37.5027,-122.4694,24.34,63,100,2.57,US,1697308958
436,balikpapan,-1.2675,116.8289,27.55,89,40,1.03,ID,1697309044
437,fortuna,40.5982,-124.1573,21.63,76,0,5.14,US,1697309045
438,rakops,-21.0167,24.3333,29.21,15,98,2.9,BW,1697309046
439,gadzhiyevo,69.2551,33.3362,1.44,80,100,9.43,RU,1697309046
440,khorugh,37.4897,71.553,8.98,23,0,0.94,TJ,1697309047
441,vernon,50.2581,-119.2691,12.34,76,25,3.09,CA,1697309048
442,conduaga,8.862,117.4893,26.08,88,67,2.13,PH,1697309048
443,dahab,28.501,34.5134,27.18,45,0,4.04,EG,1697309049
444,sorong,-0.8833,131.25,25.94,87,100,2.4,ID,1697309050
445,klyuchi,52.2667,79.1667,9.2,45,100,4.43,RU,1697309050
446,tazacorte,28.629,-17.9293,26.54,78,0,3.09,ES,1697309051
447,ankang,32.68,109.0172,14.32,85,0,0.31,CN,1697309052
448,motupe,-6.1519,-79.7142,31.22,44,36,3.84,PE,1697309053
449,asau,46.4333,26.4,16.51,56,10,2.58,RO,1697309053
450,scarborough,54.2797,-0.4044,8.14,77,2,1.79,GB,1697309054
451,kerikeri,-35.2268,173.9474,16.06,93,99,0.45,NZ,1697309055
452,novyy urengoy,66.0833,76.6333,2.77,98,100,1.92,RU,1697309055
453,padang,-0.9492,100.3543,24.03,92,66,1.55,ID,1697308847
454,ribas do rio pardo,-20.4431,-53.7592,33.95,37,100,3.95,BR,1697309057
455,mendoza,-32.8908,-68.8272,25.74,17,0,2.06,AR,1697308993
456,palembang,-2.9167,104.7458,27.05,83,20,1.54,ID,1697309058
457,al ghayzah,16.2079,52.176,26.67,77,5,4.06,YE,1697309059
458,christchurch,-43.5333,172.6333,12.4,66,58,5.14,NZ,1697309059
459,oliena,40.2723,9.403,25.57,52,0,2.91,IT,1697309060
460,morehead city,34.7229,-76.726,23.32,89,100,7.72,US,1697308883
461,andovoranto,-18.95,49.1,24.07,94,100,2.88,MG,1697309061
462,pionerskiy,54.9508,20.2275,13.97,66,7,14.52,RU,1697309062
463,koh kong,11.6175,102.9806,26.04,88,93,1.93,KH,1697309063
464,codrington,-38.2667,141.9667,9.3,89,100,3.08,AU,1697309064
465,guane,22.2025,-84.0875,33.08,50,100,2.98,CU,1697309064
466,bosa,40.2993,8.4983,22.05,78,0,1.75,IT,1697309066
467,kisangani,0.5167,25.2,23.02,98,100,0.86,CD,1697309066
468,restrepo,3.822,-76.5224,24.19,88,99,1.45,CO,1697309067
469,aoulef,26.9667,1.0833,29.46,13,0,3.15,DZ,1697309068
470,darovskoy,58.77,47.9564,7.26,88,100,5.26,RU,1697309069
471,jiayuguan,39.8167,98.3,9.26,26,0,2.97,CN,1697309069
472,noosa heads,-26.3833,153.15,18.95,92,12,4.49,AU,1697309070
473,souillac,-20.5167,57.5167,22.21,68,20,2.06,MU,1697309071
474,general jose de san martin,-26.5374,-59.3416,31.26,23,0,2.35,AR,1697309071
475,zaozersk,69.4005,32.4476,0.99,80,100,9.28,RU,1697309072
476,ak-dovurak,51.1833,90.6,8.95,66,100,0.45,RU,1697309073
477,jijiga,9.35,42.8,20.71,65,28,2.92,ET,1697309074
478,gizo,-8.103,156.8419,27.01,80,43,1.67,SB,1697309074
479,apolinario saravia,-24.4328,-63.9954,33.44,17,4,5.21,AR,1697309075
480,saint-joseph,-21.3667,55.6167,23.21,81,24,4.29,RE,1697309076
481,thakhek,17.4103,104.8307,21.6,95,70,1.49,LA,1697309077
482,kamenka,51.3223,42.7678,8.66,65,12,4.02,RU,1697309077
483,new kingman-butler,35.265,-114.0323,24.32,13,0,2.57,US,1697309078
484,zeya,53.75,127.2667,1.38,82,100,5.97,RU,1697308897
485,yanam,16.7333,82.2167,24.82,85,3,0.61,IN,1697309080
486,mana,5.6592,-53.7767,30.16,69,6,5.8,GF,1697309080
487,ivolginsk,51.7492,107.2837,-2.19,86,20,2.0,RU,1697309081
488,suva,-18.1416,178.4415,23.71,88,75,2.06,FJ,1697309082
489,fort bragg,35.139,-79.006,19.75,96,100,3.6,US,1697309083
490,kralendijk,12.15,-68.2667,32.99,66,40,6.17,BQ,1697309083
491,sittwe,20.15,92.9,24.72,82,6,3.55,MM,1697309084
492,ibara,34.6,133.4667,15.21,91,58,1.88,JP,1697309085
493,nizhneudinsk,54.9076,99.0276,5.01,67,43,1.79,RU,1697309085
494,jokioinen,60.8016,23.48,7.56,89,74,6.52,FI,1697309086
495,talcahuano,-36.7167,-73.1167,16.82,55,0,5.14,CL,1697309087
496,novyy urgal,51.0736,132.5642,8.33,83,16,2.87,RU,1697309088
497,fukuecho,32.6881,128.8419,21.11,52,10,8.87,JP,1697309089
498,ondo,7.1,4.8333,24.25,97,100,1.42,NG,1697309090
499,fisterra,42.9049,-9.2629,18.19,82,100,5.45,ES,1697309091
500,rawson,-43.3002,-65.1023,24.16,23,0,5.14,AR,1697308847
501,yulinshi,38.2906,109.7494,12.36,31,0,2.82,CN,1697309092
502,den burg,53.0542,4.7972,11.99,57,20,8.75,NL,1697309093
503,paramirim,-13.4425,-42.2389,34.71,18,5,7.09,BR,1697309093
504,candon,17.1947,120.4517,25.14,87,7,1.56,PH,1697309094
505,dennery,13.8996,-60.8879,31.07,70,20,5.14,LC,1697309095
506,malango,-2.9627,119.9001,19.31,97,95,0.89,ID,1697309096
507,teluk nibung,3.001,99.8164,24.33,95,100,2.67,ID,1697309096
508,lata,40.1629,-8.3327,19.34,89,100,1.33,PT,1697309097
509,menongue,-14.6585,17.691,22.88,35,62,4.08,AO,1697309098
510,ginir,7.1333,40.7,15.85,74,3,1.28,ET,1697309098
511,limon,10.0,-83.0333,30.03,79,0,3.6,CR,1697309099
512,kyzylorda,44.8528,65.5092,4.01,75,0,1.0,KZ,1697308878
513,mount isa,-20.7333,139.5,19.87,19,6,5.14,AU,1697309100
514,san andres,12.5847,-81.7006,31.01,79,20,2.57,CO,1697309068
515,remire-montjoly,4.9167,-52.2667,32.02,62,0,7.72,GF,1697309102
516,wang nam yen,13.5033,102.1812,23.92,92,100,0.72,TH,1697309102
517,jaguarao,-32.5661,-53.3758,18.45,58,98,7.0,BR,1697309103
518,villa gesell,-37.2639,-56.973,15.59,64,47,7.68,AR,1697309104
519,scottburgh,-30.2867,30.7532,17.11,67,51,9.23,ZA,1697309104
520,rio grande,-32.035,-52.0986,21.06,64,100,6.54,BR,1697308952
521,eureka,40.8021,-124.1637,21.78,86,98,1.34,US,1697309106
522,tanda,26.55,82.65,23.75,59,0,1.53,IN,1697309106
523,midvagur,62.0511,-7.1939,2.46,55,100,10.8,FO,1697309107
524,kapa'a,22.0752,-159.319,25.99,87,100,0.0,US,1697309108
525,montmagny,48.9734,2.3469,13.13,75,0,3.09,FR,1697309108
526,gummi,12.1436,5.1081,30.02,31,81,0.82,NG,1697309109
527,papao,-17.75,-149.55,26.82,77,53,6.0,PF,1697309110
528,minas de marcona,-15.2119,-75.1103,20.32,56,66,6.55,PE,1697309110
529,lorengau,-2.0226,147.2712,27.24,78,99,0.76,PG,1697309111
530,wewak,-3.5534,143.6268,26.07,85,100,0.83,PG,1697309112
531,san miguel,13.4833,-88.1833,31.42,71,32,0.87,SV,1697309112
532,buaran,-7.05,109.55,23.27,84,63,1.99,ID,1697309113
533,bazarak,35.3129,69.5152,10.97,60,2,1.42,AF,1697309114
534,charters towers,-20.1,146.2667,17.07,92,53,2.85,AU,1697309114
535,qarchi gak,37.04,66.7889,14.38,24,0,3.86,AF,1697309115
536,puerto madero,14.7208,-92.4215,29.11,100,40,0.0,MX,1697309116
537,vilyuysk,63.7553,121.6247,-5.47,62,9,1.34,RU,1697309117
538,paphos,34.7667,32.4167,21.88,73,40,2.57,CY,1697309118
539,hotan,37.0997,79.9269,14.44,27,77,2.61,CN,1697309118
540,kabare,-2.4683,28.8242,19.03,87,100,0.66,CD,1697309119
541,hancheng,32.5186,112.3522,17.74,62,25,2.41,CN,1697309120
542,argungu,12.7433,4.5269,31.67,24,11,2.74,NG,1697309120
543,ar rahad,12.7167,30.65,32.93,30,85,1.1,SD,1697309121
544,chilaw,7.5758,79.7953,25.01,91,100,3.91,LK,1697309122
545,mili,6.0815,171.735,27.86,74,90,4.05,MH,1697309122
546,port sudan,19.6175,37.2164,29.08,70,0,4.02,SD,1697309123
547,ambovombe,-25.1667,46.0833,22.97,84,77,1.52,MG,1697309124
548,tenenkou,14.4572,-4.9169,36.11,15,55,3.56,ML,1697309124
549,dehloran,32.6941,47.2679,29.56,19,1,1.97,IR,1697309125
550,tilhar,27.9833,79.7333,23.68,54,0,1.24,IN,1697309126
551,nelson bay,-32.7167,152.15,17.78,67,0,4.92,AU,1697309126
552,tashla,51.7716,52.7427,6.88,68,9,3.05,RU,1697309127
553,flying fish cove,-10.4217,105.6791,24.82,94,100,4.63,CX,1697309128
554,inarajan village,13.2736,144.7484,25.22,85,100,5.42,GU,1697309129
555,teofilo otoni,-17.8575,-41.5053,30.61,46,89,4.45,BR,1697308985
556,karratha,-20.7377,116.8463,27.83,41,3,2.46,AU,1697309118
557,easton,40.6884,-75.2207,9.92,89,100,5.14,US,1697308900
558,quellon,-43.1167,-73.6167,9.75,62,98,4.56,CL,1697309133
559,malmslatt,58.411,15.5165,10.26,71,100,10.8,SE,1697309134
